-- phpMyAdmin SQL Dump
-- version 5.0.2
-- https://www.phpmyadmin.net/
--
-- Hôte : 127.0.0.1:3306
-- Généré le : lun. 11 avr. 2022 à 06:46
-- Version du serveur :  8.0.21
-- Version de PHP : 7.3.21

SET SQL_MODE = "NO_AUTO_VALUE_ON_ZERO";
START TRANSACTION;
SET time_zone = "+00:00";


/*!40101 SET @OLD_CHARACTER_SET_CLIENT=@@CHARACTER_SET_CLIENT */;
/*!40101 SET @OLD_CHARACTER_SET_RESULTS=@@CHARACTER_SET_RESULTS */;
/*!40101 SET @OLD_COLLATION_CONNECTION=@@COLLATION_CONNECTION */;
/*!40101 SET NAMES utf8mb4 */;

--
-- Base de données : `quizzo`
--

-- --------------------------------------------------------

--
-- Structure de la table `admin`
--

DROP TABLE IF EXISTS `admin`;
CREATE TABLE IF NOT EXISTS `admin` (
  `id` int NOT NULL AUTO_INCREMENT,
  `username` varchar(255) NOT NULL,
  `email` varchar(255) NOT NULL,
  `password` varchar(1000) NOT NULL,
  `status` int NOT NULL,
  PRIMARY KEY (`id`)
) ENGINE=MyISAM AUTO_INCREMENT=10 DEFAULT CHARSET=utf8;

--
-- Déchargement des données de la table `admin`
--

INSERT INTO `admin` (`id`, `username`, `email`, `password`, `status`) VALUES
(1, 'Yasso', 'karo@kil.com', '$2b$08$5bLnKTqk70uLUaUYZTBU5O.jnSA5zBixzsaUQcC77bSLvhU8QHBlG', 1),
(2, 'Pippo', 'ftf@limbo.it', '$2b$08$OV2ObpT5d9TVARw.nQfh1OPmI7cKCZC0BJxoGC9xbN1gBH4NnBS06', 1),
(3, 'Robert', 'rober@plomo.it', '$2b$08$9wHRPfGY5A8Ro8R8kXftQuBXMUXiNhkWNfS/dy0xER0lumrNm1VSy', 1),
(4, 'Luigi', 'luigi@super.com', '$2b$08$YBLvtV4O67vc5vaYkk/xrupm0bARwk74TL83kgScLoW8S5zfWIwHy', 1),
(5, 'AldoF', 'aldo@aldo.com', '$2b$08$b1TcE1BItt4fvpudr.emLOQfGsFO3XnOh7qh2EQPFgW1hb9LGP3TK', 0),
(6, 'Ahmed', 'ahmed@lol.lol', '$2b$08$2m5RtD677uDmGAHWi4hkPuZiiY.7knsFKsUsIN4WEOvQh.3nQ1a5O', 0),
(7, 'almin', 'almi@yahoo.fr', '$2a$08$Jn31ZSLSNIQCYo0Hv8hSB.xCKZWg/6RLDNf6J3xqpN9GvWwEmEYma', 0),
(8, 'Yassine', 'qsddf@ikujlk.it', '$2a$08$uLqmhkCkFfo9L34r7UwOV.35XzaIY.3zmpjZbX8TaKzqqMo1s3hLi', 0),
(9, 'toto99', 'toto99@tamaman.com', '$2a$08$2GzY63FLstJtKx/dM8vblOv19yJnxahx7xTWDudLYr8qsMsOXVJvO', 0);

-- --------------------------------------------------------

--
-- Structure de la table `questions`
--

DROP TABLE IF EXISTS `questions`;
CREATE TABLE IF NOT EXISTS `questions` (
  `id` int NOT NULL AUTO_INCREMENT,
  `question` varchar(255) NOT NULL,
  `id_quiz` int NOT NULL,
  PRIMARY KEY (`id`)
) ENGINE=MyISAM AUTO_INCREMENT=221 DEFAULT CHARSET=utf8;

--
-- Déchargement des données de la table `questions`
--

INSERT INTO `questions` (`id`, `question`, `id_quiz`) VALUES
(6, 'Dans le langage familier, comment appelle-t-on la dent du petit enfant ?', 2),
(7, 'Quel peintre, né en 1844, est également appelé « le Douanier » ?', 2),
(8, 'Comment appelle-t-on le versant de la montagne non situé au soleil ?', 2),
(9, 'Quelle est la seule valeur à la roulette à porter la couleur verte ?', 2),
(10, 'Quelle est la plus petite unité de mémoire utilisable sur un ordinateur ?', 2),
(11, 'Quand a eu lieu la première Coupe du monde ?', 3),
(12, 'Quelle équipe de football a remporté le plus grand nombre de Coupes du monde ?', 3),
(13, 'Dans quelle ville se trouve le stade populairement connu sous le nom de La Bombonera ?', 3),
(14, 'Qui a gagné la Coupe du monde 2010 ? ', 3),
(15, 'Dans quel pays l\'Allemagne a-t-elle remporté sa première Coupe du monde ?', 3),
(16, 'L’eau peut parfois bouillir à 85°C.', 4),
(17, 'Un réfrigérateur produit plus de chaud que de froid.', 4),
(18, 'Il est moins dangereux de mettre les doigts dans une prise que de toucher une clôture électrique.', 4),
(19, 'Le ciel est bleu car il reflète la couleur des océans', 4),
(20, 'On peut commander un écran tactile avec un cornichon.', 4),
(21, 'Rien ne va plus vite que la lumière.', 4),
(22, 'Si la Terre n\'était pas légèrement penchée, il n\'y aurait ni été ni hiver.', 4),
(23, 'Quel architecte a construit la pyramide du Louvre ?', 5),
(24, ' Dans quel pays est né le sculpteur Constantin Brancusi ?', 5),
(25, ' À quel peintre doit-on « L\'autoportrait au chapeau gris » ?', 5),
(26, 'À quel peintre doit-on « Coucher de soleil à Venise » ?', 5),
(27, 'Qui a peint le tableau « Claude et Paloma » ?', 5),
(28, 'Outre New York et Bilbao, dans quelle ville doit se construire un nouveau musée Guggenheim ?', 5),
(29, 'À quel peintre doit-on le fameux tableau « La Cène » ?', 5),
(30, 'Qui a peint « La Jeune Fille à la Perle » ?', 5),
(31, 'Qui a peint le tableau « La Rade de Cardiff » ?', 5),
(32, 'Qui a peint « L\'Angélus » ?', 5),
(33, 'Qui était contrôleur général des finances sous Louis XIV ?', 6),
(34, 'Quel écrivain français du XIXe siècle, farouche opposant à la peine de mort, a écrit « Le Dernier jour d’un Condamné » ?', 6),
(35, 'Qui a formulé la célèbre équation E=mc² ?', 6),
(36, ' Qui est l’apôtre de la non-violence et de la désobéissance civile de masse ?', 6),
(37, 'Quelle femme française a été la première à arborer le drapeau noir des anarchistes ?', 6),
(38, 'Quel homme politique a obtenu le prix Nobel de Littérature ?', 6),
(39, 'Quelle personnalité a été assassinée à New York le 21 février 1965 ?', 6),
(40, 'Lequel de ces pays est le moins densément peuplé au monde ?', 7),
(41, 'Dans quelle région du monde peut-on trouver la Terre-Adélie ?', 7),
(42, 'Dans quelle mer se jette le fleuve Méandre ?', 7),
(43, 'Quel est le plus grand lac d’Amérique du Nord ?', 7),
(44, 'Quelles sont les langues officielles de l’Afghanistan ?', 7),
(45, 'Dans quelle ville peut-on admirer le Kinkaku-ji ?', 7),
(46, 'Quelle ville compte la plus haute densité de population au monde ?', 7),
(47, 'Parmi les états suivants, lequel n’est pas membre du Commonwealth ?', 7),
(48, 'Quelle est la capitale du Maroc ?', 7),
(49, 'Quelle est la ville la plus peuplée du Maroc ?', 7),
(50, 'Le diaphragme est un tendon.', 4),
(51, 'Il n\'y a que 2 satellites naturels qui  gravitent autour de la Terre.', 4),
(52, 'La somme des angles d\'un triangle est 180° ', 4),
(53, 'Quelle est la capitale du Brésil ?', 1),
(54, 'Quel était le nom de la mission au cours de laquelle Neil Armstrong a effectué les premiers pas sur la Lune en 1969 ?', 1),
(55, 'Quelle est la distance parcourue par un sportif lors d’un marathon (en kilomètres) ?', 1),
(56, 'Que fête-t-on le 1er mai ?', 1),
(57, 'Qui est l’inséparable compagnon de Titi ?', 1),
(58, 'Quel arbre produit la noix de pécan ?', 2),
(59, 'Dans quelle ville se trouve le Musée de l’Ermitage ?', 2),
(60, 'Quel est le nom du principal indice boursier de la place de Paris ? ', 2),
(61, 'Qu’est-ce qu’un ouistiti ?', 2),
(62, 'Quelle est la capitale de l’Inde ? ', 2),
(63, 'Pour quel club italien Diego Maradona a-t-il joué ?', 3),
(64, ' Quel joueur français a joué le plus de Coupes du monde ?', 3),
(65, '  Quel pays a joué le plus de finales de Coupe du monde, sans jamais remporter le tournoi ?', 3),
(66, 'À quel joueur doit-on «La main de Dieu»', 3),
(67, 'Combien de buts ont été inscrits lors du match record opposant la Suisse à l’Autriche en 1954 ?', 3),
(68, 'En quelle année la Ve République est-elle entrée en vigueur en France ?', 6),
(69, 'En quelle année, la loi sur la laïcité, séparant les cultes et l’État, a-t-elle été votée en France ?', 6),
(70, 'En quelle année ont eu lieu les attentats du 11 septembre ?', 6),
(71, 'L\'auteur du roman historique \"Notre Dame de Paris\" est Victor Hugo.', 8),
(72, 'Diderot est l\'auteur du conte philosophique \"Candide\".', 8),
(73, 'Balzac était un contemporain de Zola.', 8),
(74, 'Voltaire est l\'un des principaux philosophes et écrivains du siècle des Lumières.', 8),
(75, 'Le roman \"Le Rouge et le Noir\" a été écrit par Flaubert', 8),
(76, 'Antoine de Saint-Exupéry est l\'auteur des romans \"Vol de nuit\" et \"Courrier Sud\".', 8),
(77, '\"La Condition humaine\" de Malraux traite de la guerre d\'Espagne.', 8),
(78, 'Rabelais est l\'auteur de Gargantua.', 8),
(79, 'Les pièces de théâtre \"Les Mouches\" et \"Huis Clos\" ont été écrites par J.P. Sartre.', 8),
(80, 'Louis Ferdinand Céline a écrit \"Les Faux-Monnayeurs\".', 8),
(81, 'Paul Cézanne était également connu pour ses affiches du Moulin Rouge.', 9),
(82, 'Claude Monet fut l\'un des fondateurs de l\'expressionnisme.', 9),
(83, '\"Ceci n\'est pas une pipe\" est de Magritte.', 9),
(84, 'Salvador Dali a peint Guernica.', 9),
(85, 'Le célèbre tableau \"Déjeuner sur l\'herbe\" a été peint par Auguste Renoir.', 9),
(86, 'Henri Matisse fut le chef de file du fauvisme.', 9),
(87, 'La Tate Modern est un célèbre musée new-yorkais.', 9),
(88, 'Théodore Géricault a réalisé \"Le radeau de la Méduse\".', 9),
(89, 'La montagne Sainte-Victoire est un des motifs et symboles de la peinture de Paul Gauguin.', 9),
(90, 'Marc Chagall est aussi connu pour ces vitraux.', 9),
(91, 'Agatha Christie est l\'auteure du roman \"Les crimes de l\'Orient-Express\".', 10),
(92, 'Harry Bosch est le célèbre inspecteur des romans de Mickael Connelly.', 10),
(93, 'Le journaliste dans la trilogie Millenium de Stieg Larsson s\'appelle Mikael Blomkvist.', 10),
(94, 'Maxime Chattam, célèbre auteur de roman policier, est américain.', 10),
(95, 'Jean-Christophe Grangé a écrit le roman \"Les Rivières pourpres\".', 10),
(96, 'Douglas Kennedy est l\'auteur de \"Pars vite et reviens tard\".', 10),
(97, 'L\'écrivaine Mary Higgins Clark est une icône de la littérature policière anglais.', 10),
(98, 'Dan Brown est l\'auteur de \"Da Vinci Code\".', 10),
(99, 'Le commissaire Maigret est un personnage des livres de G. Simenon.', 10),
(100, 'Henning Mankell, connu pour sa série sur l’inspecteur Kurt Wallander, est suédois. ', 10),
(101, 'Quel pays n\'a pas d\'accès à l\'océan ?', 11),
(102, 'Quelle est la capitale de la Bolivie ?', 11),
(103, 'Le lac Titicaca est situé entre', 11),
(104, 'Les îles Galapagos sont ', 11),
(105, 'La forêt amazonienne s\'étend sur combien de pays ?', 11),
(106, 'Quel pays n\'est pas frontalier avec le Brésil ?', 11),
(107, 'Les chutes d\'Iguazu se situent à la frontière', 11),
(108, 'Quelle est la capitale de la Colombie ?', 11),
(109, 'Quel pays se situe au nord du Panama ?', 11),
(110, 'L\'Aconcagua, la plus haute montagne sur le continent américain culmine à', 11),
(111, 'Quel pays n\'a pas est d\'accès à l\'océan ?', 12),
(112, 'Quelle est la capitale de la Bolivie ?', 12),
(113, 'Le lac Titicaca est situé entre', 12),
(114, 'Les îles Galapagos sont ', 12),
(115, 'La forêt amazonienne s\'étend sur combien de pays ?', 12),
(116, 'Quel pays n\'est pas frontalier avec le Brésil ?', 12),
(117, 'Les chutes d\'Iguazu se situent à la frontière ', 12),
(118, 'Quelle est la capitale de la Colombie ?', 12),
(119, 'Quel pays se situe au nord du Panama ?', 12),
(120, 'L\'Aconcagua, la plus haute montagne sur le continent américain culmine à', 12),
(121, 'Quel pays n\'a pas est d\'accès à l\'océan ?', 13),
(122, 'Quelle est la capitale de la Bolivie ?', 13),
(123, 'Le lac Titicaca est situé entre', 13),
(124, 'Les îles Galapagos sont ', 13),
(125, 'La forêt amazonienne s\'étend sur combien de pays ?', 13),
(126, 'Quel pays n\'est pas frontalier avec le Brésil ?', 13),
(127, 'Les chutes d\'Iguazu se situent à la frontière ', 13),
(128, 'Quelle est la capitale de la Colombie ?', 13),
(129, 'Quel pays se situe au nord du Panama ?', 13),
(130, 'L\'Aconcagua, la plus haute montagne sur le continent américain culmine à', 13),
(131, 'Quel pays n\'a pas est d\'accès à l\'océan ?', 14),
(132, 'Quelle est la capitale de la Bolivie ?', 14),
(133, 'Le lac Titicaca est situé entre', 14),
(134, 'Les îles Galapagos sont ', 14),
(135, 'La forêt amazonienne s\'étend sur combien de pays ?', 14),
(136, 'Quel pays n\'est pas frontalier avec le Brésil ?', 14),
(137, 'Les chutes d\'Iguazu se situent à la frontière ', 14),
(138, 'Quelle est la capitale de la Colombie ?', 14),
(139, 'Quel pays se situe au nord du Panama ?', 14),
(140, 'L\'Aconcagua, la plus haute montagne sur le continent américain culmine à', 14),
(141, 'Quel pays n\'a pas est d\'accès à l\'océan ?', 15),
(142, 'Quelle est la capitale de la Bolivie ?', 15),
(143, 'Le lac Titicaca est situé entre', 15),
(144, 'Les îles Galapagos sont ', 15),
(145, 'La forêt amazonienne s\'étend sur combien de pays ?', 15),
(146, 'Quel pays n\'est pas frontalier avec le Brésil ?', 15),
(147, 'Les chutes d\'Iguazu se situent à la frontière ', 15),
(148, 'Quelle est la capitale de la Colombie ?', 15),
(149, 'Quel pays se situe au nord du Panama ?', 15),
(150, 'L\'Aconcagua, la plus haute montagne sur le continent américain culmine à', 15),
(151, 'Quel pays n\'a pas est d\'accès à l\'océan ?', 16),
(152, 'Quelle est la capitale de la Bolivie ?', 16),
(153, 'Le lac Titicaca est situé entre', 16),
(154, 'Les îles Galapagos sont ', 16),
(155, 'La forêt amazonienne s\'étend sur combien de pays ?', 16),
(156, 'Quel pays n\'est pas frontalier avec le Brésil ?', 16),
(157, 'Les chutes d\'Iguazu se situent à la frontière ', 16),
(158, 'Quelle est la capitale de la Colombie ?', 16),
(159, 'Quel pays se situe au nord du Panama ?', 16),
(160, 'L\'Aconcagua, la plus haute montagne sur le continent américain culmine à', 16),
(161, 'Où se sont déroulés les Jeux Olympiques de 2018 ?', 17),
(162, 'Quel sport n\'est pas une discipline des Jeux olympiques?', 17),
(163, 'Quel pays organisera les Jeux Olympiques d\'été de 2028 ?', 17),
(164, 'Combien de fois Paris a été la ville hôte des JO en incluant les jeux de 2024 ?', 17),
(165, 'Quelle ville française n\'a jamais accueilli les Jeux Olympiques ?', 17),
(166, 'Qui est le fondateur des Jeux Olympiques modernes en 1894 ?', 17),
(167, 'Quel pays a accueilli les premiers Jeux Olympiques modernes en 1894 ?', 17),
(168, 'Quelle phrase est connue pour être l\'esprit des Jeux Olympiques modernes ?', 17),
(169, 'En quelle année, les femmes ont-elles pu participer aux Jeux Olympiques ?', 17),
(170, 'En quelle année se déroulent les premiers Jeux Paralympiques ?', 17),
(171, 'Qu\'appelle-t-on le Paris-Brest ?', 21),
(172, 'De quel pays Stockholm est la capitale ?', 21),
(173, 'Quel arbre produit le liège ?', 21),
(174, 'Quel est le terme français pour email ?', 21),
(175, ' Dans quel état américain, l’Ouragan Katrina a-t-il fait un ravage en 2005 ?', 21),
(176, 'Quelle est la capitale du Brésil ?', 21),
(177, 'Quel était le nom de la mission au cours de laquelle Neil Armstrong a effectué les premiers pas sur la Lune en 1969 ?', 21),
(178, 'Quelle est la distance parcourue par un sportif lors d’un marathon (en kilomètres) ?', 21),
(179, 'Que fête-t-on le 1er mai ?', 21),
(180, 'Qui est l’inséparable compagnon de Titi ?', 21),
(181, 'La roue entrainée par le moteur est :', 19),
(182, 'Il existait une loi depuis 1985 pour brider toutes les motos à :', 19),
(183, 'Combien existe-t-il de catégorie de permis moto ?', 19),
(184, 'Quelle transmission secondaire n\'existe pas sur une moto ?', 19),
(185, 'On peut piloter une moto 125 cm3 à l\'âge de :', 19),
(186, 'La couleur officielle de la marque KTM est :', 19),
(187, 'Combien y a-t-il de piston(s) dans le moteur d\'une Triumph ?', 19),
(188, 'A partir de quel âge est-il recommandé pour être passager ?', 19),
(189, 'Quel équipement n\'est pas obligatoire pour piloter une moto ?', 19),
(190, 'Un scooter 3 roues est considéré comme :', 19),
(191, 'Quel est le diamètre du Soleil ?', 20),
(192, 'Quelle est la distance entre la Terre et la Lune ?', 20),
(193, 'Quelle planète nomme-t-on \"l\'Étoile du berger\" ?', 20),
(194, 'Comment s\'appelle la planète la plus proche de la Terre ?', 20),
(195, 'En Russie, comment appelle-t-on un homme qui va dans l\'espace ?', 20),
(196, 'Combien de temps met la lumière du soleil à nous parvenir ?', 20),
(197, 'Quelle est la galaxie la plus proche de la nôtre ?', 20),
(198, 'Combien y a-t-il d\'étoiles dans notre système solaire ?', 20),
(199, 'Combien y a-t-il de planètes dans notre système solaire ?', 20),
(200, 'La Terre a déjà eu plusieurs lunes mais combien ?', 20),
(201, 'Au tarot, comment nomme-t-on les cartes 1, 21 et l’excuse ?', 22),
(202, 'Quel légume entre dans la composition du tzatziki ?', 22),
(203, 'Dans quel pays est né le tango ?', 22),
(204, 'De quelle ville française le cannelé est-il une spécialité ?', 22),
(205, 'Laquelle de ces teintes n’est pas une nuance de rouge ?', 22),
(206, 'Qui est le personnage principal de 20 000 lieues sous les mers, de Jules Verne ?', 22),
(207, 'Quelle est la capitale de l\'Équateur ?', 22),
(208, 'En quelle année Zebda nous invite à « tomber la chemise » ?', 22),
(209, 'Dans quel pays est né Mozart ?', 22),
(210, 'Qui a créé la Banque de France ?', 22),
(211, 'En peinture, quelles sont les trois couleurs primaires ?', 23),
(212, 'De quel roman de Stendhal Julien Sorel est-il le héros ?', 23),
(213, 'Quel pays a remporté le championnat d\'Europe de football en 2004 ?', 23),
(214, 'Quel physicien a donné son nom à l\'unité mesurant l\'intensité du courant électrique ?', 23),
(215, 'Quel est le dernier président de la IVe République française ?', 23),
(216, 'En quelle année Pierre et Marie Curie ont-ils obtenu le prix Nobel de physique ?', 23),
(217, 'Selon la légende, à quel savant doit-on la célèbre formule \"Eurêka\" ?', 23),
(218, 'Quelle est la plus grosse planète du système solaire ?', 23),
(219, 'Qui a écrit \"Le Deuxième Sexe\" ?', 23),
(220, 'Qu\'étudie un ichtyologiste ?', 23);

-- --------------------------------------------------------

--
-- Structure de la table `quiz`
--

DROP TABLE IF EXISTS `quiz`;
CREATE TABLE IF NOT EXISTS `quiz` (
  `id` int NOT NULL AUTO_INCREMENT,
  `name` varchar(255) NOT NULL,
  `photo` varchar(255) CHARACTER SET utf8 COLLATE utf8_general_ci DEFAULT NULL,
  `id_admin` int NOT NULL,
  `id_thématique` int NOT NULL,
  PRIMARY KEY (`id`)
) ENGINE=MyISAM AUTO_INCREMENT=24 DEFAULT CHARSET=utf8;

--
-- Déchargement des données de la table `quiz`
--

INSERT INTO `quiz` (`id`, `name`, `photo`, `id_admin`, `id_thématique`) VALUES
(2, 'Quiz 2 - Facile ', 'nope', 1, 1),
(3, 'Quiz 1 - Facile - Foot', 'nope', 1, 4),
(4, 'Quiz 1 - Facile - Sciences', 'nope', 1, 3),
(5, 'Quiz 1 - Moyen - Arts', 'nope', 1, 2),
(6, 'Quiz 1 - Moyen - Histoire ', 'nope', 1, 6),
(7, 'Quiz 1 - Moyen - Géographie', 'nope', 1, 5),
(8, 'Quiz 2 - Facile - Littérature ', 'nope', 1, 2),
(9, 'Quiz 3 - Facile - Arts', 'nope', 1, 2),
(10, 'Quiz 4 - Moyen - Polar', 'nope', 1, 2),
(17, 'Quiz - Facile - Jeux Olympiques', '', 1, 4),
(11, 'Quiz - Facile - Amérique latine', '', 1, 5),
(19, 'Quiz - Difficile - Moto', NULL, 1, 1),
(20, 'Quiz - Moyen - Astronomie', NULL, 1, 3),
(21, 'Quiz 1 - Facile', NULL, 7, 1),
(22, 'Quiz 3 - Moyen', NULL, 7, 1),
(23, 'Quiz 4 - Moyen', NULL, 7, 1);

-- --------------------------------------------------------

--
-- Structure de la table `reponses`
--

DROP TABLE IF EXISTS `reponses`;
CREATE TABLE IF NOT EXISTS `reponses` (
  `id` int NOT NULL AUTO_INCREMENT,
  `reponse` varchar(255) NOT NULL,
  `boolean` int NOT NULL,
  `id_question` int NOT NULL,
  PRIMARY KEY (`id`)
) ENGINE=MyISAM AUTO_INCREMENT=802 DEFAULT CHARSET=utf8;

--
-- Déchargement des données de la table `reponses`
--

INSERT INTO `reponses` (`id`, `reponse`, `boolean`, `id_question`) VALUES
(602, 'Une dépression météorologique', 0, 171),
(2, 'Une course cycliste', 0, 1),
(3, 'Une pâtisserie', 1, 1),
(4, 'Un poisson de l\'Atlantique', 0, 1),
(5, 'De la Suède', 1, 2),
(6, 'De la Finlande', 0, 2),
(7, 'De la Norvège', 0, 2),
(8, 'Du Danemark ', 0, 2),
(9, 'Le chêne', 1, 3),
(10, 'Le cèdre', 0, 3),
(11, 'L\'eucalyptus', 0, 3),
(12, 'Le charme', 0, 3),
(13, 'E-Envoi', 0, 4),
(14, 'Net Courrier', 0, 4),
(15, 'Post', 0, 4),
(16, 'Courriel', 1, 4),
(17, 'Alabama', 0, 5),
(18, 'Oregon', 0, 5),
(19, 'Pennsylvanie', 0, 5),
(20, 'Louisiane', 1, 5),
(21, 'Marmotte', 0, 6),
(22, 'Menotte ', 0, 6),
(23, 'Quenotte', 1, 6),
(24, 'Bouillotte', 0, 6),
(25, 'Pablo Picasso', 0, 7),
(26, 'Henri Rousseau', 1, 7),
(27, 'Edgar Degas', 0, 7),
(28, 'Salvador Dali', 0, 7),
(29, 'Adret', 0, 8),
(30, 'Ubac', 1, 8),
(31, 'Étant', 0, 8),
(32, 'Ressac', 0, 8),
(33, 'Le zéro', 1, 9),
(34, 'Le cinquante', 0, 9),
(35, 'Le quarante', 0, 9),
(36, 'Le treize', 0, 9),
(37, 'Le byte', 0, 10),
(38, 'Le mega', 0, 10),
(39, 'Le bit', 1, 10),
(40, 'Le giga', 0, 10),
(41, 'En 1925', 0, 11),
(42, 'En 1930', 1, 11),
(43, 'En 1932', 0, 11),
(44, 'En 1936', 0, 11),
(45, 'L\'Allemagne ', 0, 12),
(46, 'L\'Argentine', 0, 12),
(47, 'Le Brésil ', 1, 12),
(48, 'L\'Italie', 0, 12),
(49, 'Mexico', 0, 13),
(50, 'Buenos Aires ', 1, 13),
(51, 'Rio de Janeiro', 0, 13),
(52, 'Madrid', 0, 13),
(53, 'L\'Allemagne ', 0, 14),
(54, 'Le Brésil', 0, 14),
(55, 'L\'Espagne', 1, 14),
(56, 'L\'Italie', 0, 14),
(57, 'En Italie 1934 ', 0, 15),
(58, 'En France en 1938', 0, 15),
(59, 'Au Brésil en 1950', 0, 15),
(60, 'En Suisse 1954', 1, 15),
(61, 'Vrai', 1, 16),
(62, 'Faux', 0, 16),
(63, 'Vrai', 1, 17),
(64, 'Faux', 0, 17),
(65, 'Vrai', 0, 18),
(66, 'Faux', 1, 18),
(67, 'Vrai', 0, 19),
(68, 'Faux', 1, 19),
(69, 'Vrai', 1, 20),
(70, 'Faux', 0, 20),
(71, 'Vrai', 1, 21),
(72, 'Faux', 0, 21),
(73, 'Vrai', 1, 22),
(74, 'Faux', 0, 22),
(75, 'Philippe Starck', 0, 23),
(76, 'Ieoh Ming Pei', 1, 23),
(77, 'Jean-Michel Wilmotte', 0, 23),
(78, 'Oscar Niemeyer', 0, 23),
(79, 'En Italie', 0, 24),
(80, 'En Autriche', 0, 24),
(81, 'En Roumanie ', 1, 24),
(82, 'En France', 0, 24),
(83, 'Paul Cézanne', 0, 25),
(84, 'Vincent Van Gogh', 1, 25),
(85, 'Claude Monet', 0, 25),
(86, 'Gustave Courbet', 0, 25),
(87, 'Le Tintoret', 0, 26),
(88, 'Jacques-Louis David', 0, 26),
(89, 'Titien', 0, 26),
(90, 'Claude Monet ', 1, 26),
(91, 'Pablo Picasso', 1, 27),
(92, 'Joan Miro', 0, 27),
(93, 'Léonard de Vinci', 0, 27),
(94, 'Pierre-Auguste Renoir', 0, 27),
(95, 'Taïwan', 0, 28),
(96, 'Abou Dhabi ', 1, 28),
(97, 'Doha', 0, 28),
(98, 'Oslo', 0, 28),
(99, 'De Vinci', 1, 29),
(100, 'Bruegel l\'Ancien', 0, 29),
(101, 'Titien', 0, 29),
(102, 'Goya', 0, 29),
(103, 'Rembrandt', 0, 30),
(104, 'Vermeer', 1, 30),
(105, 'De Staël', 0, 30),
(106, 'Picabia', 0, 30),
(107, 'Sisley', 1, 31),
(108, 'Bacon', 0, 31),
(109, 'Turner', 0, 31),
(110, 'Munch', 0, 31),
(111, 'Pierre Soulages', 0, 32),
(112, 'Max Ernst', 0, 32),
(113, 'Gustave Courbet', 0, 32),
(114, 'Jean-François Millet', 1, 32),
(115, 'Colbert', 1, 33),
(116, 'Vauban', 0, 33),
(117, 'Le Nôtre', 0, 33),
(118, 'Sully', 0, 33),
(119, 'Lamartine', 0, 34),
(120, 'Hugo', 1, 34),
(121, 'Balzac', 0, 34),
(122, 'Flaubert', 0, 34),
(123, 'Archimède', 0, 35),
(124, 'Nicolas Copernic', 0, 35),
(125, 'Albert Einstein', 1, 35),
(126, 'Charles Darwin', 0, 35),
(127, 'Tito', 0, 36),
(128, 'Malcolm X', 0, 36),
(129, 'Gandhi ', 1, 36),
(130, 'Ben Gourion', 0, 36),
(131, 'Olympe de Gouge', 1, 37),
(132, 'Marie Curie', 0, 37),
(133, 'Charlotte Corday ', 0, 37),
(134, 'Louise Michel', 0, 37),
(135, 'Le général de Gaulle', 0, 38),
(136, 'Winston Churchill', 1, 38),
(137, 'Konrad Adenauer', 0, 38),
(138, 'Thomas Jefferson', 0, 38),
(139, 'Martin Luther King', 0, 39),
(140, 'JFK', 0, 39),
(141, 'Malcolm X ', 1, 39),
(142, 'John Lennon', 0, 39),
(143, 'L\'Arabie Saoudite', 0, 40),
(144, 'La Mongolie', 1, 40),
(145, 'L\'Australie', 0, 40),
(146, 'Le Belarus', 0, 40),
(147, 'En Océanie', 0, 41),
(148, 'En Antarctique', 1, 41),
(149, 'Dans la Toundra', 0, 41),
(150, 'En Amazonie', 0, 41),
(151, 'La mer Égée', 1, 42),
(152, 'La mer Adriatique', 0, 42),
(153, 'La mer Caspienne', 0, 42),
(154, 'La mer Noire', 0, 42),
(155, 'Le lac Majeur', 0, 43),
(156, 'Le lac Ontario', 0, 43),
(157, 'Le lac Huron', 0, 43),
(158, 'Le lac Supérieur', 1, 43),
(159, 'Afghan et Anglais', 0, 44),
(160, 'Arabe et Turc', 0, 44),
(161, 'Persan et Pashtou', 1, 44),
(162, 'Hindi et Persan', 0, 44),
(163, 'Kyoto ', 1, 45),
(164, 'Nara', 0, 45),
(165, 'Tokyo', 0, 45),
(166, 'Osaka', 0, 45),
(167, 'Le Caire', 0, 46),
(168, 'Le Pré-Saint-Gervais', 0, 46),
(169, 'Delhi', 0, 46),
(170, 'Manille', 1, 46),
(171, 'Les Etats-Unis', 1, 47),
(172, 'L\'Australie', 0, 47),
(173, 'Le Ghana', 0, 47),
(174, 'L\'Inde', 0, 47),
(175, 'Casablanca', 0, 48),
(176, 'Agadir', 0, 48),
(177, 'Rabat', 1, 48),
(178, 'Marrakech', 0, 48),
(179, 'Fès', 0, 49),
(180, 'Casablanca', 1, 49),
(181, 'Marrakech', 0, 49),
(182, 'Rabat', 0, 49),
(183, 'Vrai', 0, 50),
(184, 'Faux', 1, 50),
(185, 'Vrai', 0, 51),
(186, 'Faux', 1, 51),
(187, 'Vrai', 1, 52),
(188, 'Faux', 0, 52),
(189, 'Rio de Janeiro', 0, 53),
(190, 'Brasilia ', 1, 53),
(191, 'São Paulo', 0, 53),
(192, 'Salvador', 0, 53),
(193, 'Apollo 6', 0, 54),
(194, 'Apollo 9', 0, 54),
(195, 'Apollo 11', 1, 54),
(196, 'Apollo 13', 0, 54),
(197, '38,195 km', 0, 55),
(198, '48,350 km', 0, 55),
(199, '44 km', 0, 55),
(200, '42,195 km ', 1, 55),
(201, 'Le travail', 1, 56),
(202, 'Le printemps', 0, 56),
(203, 'Les mamans', 0, 56),
(204, 'Le Beaujolais', 0, 56),
(205, 'Toto', 0, 57),
(206, 'Grosminet', 1, 57),
(207, 'Tac', 0, 57),
(208, 'Tom', 0, 57),
(209, 'Le macadamia', 0, 58),
(210, 'Le noisetier', 0, 58),
(211, 'Le pacanier', 1, 58),
(212, 'Le pécunier', 0, 58),
(213, 'Moscou', 0, 59),
(214, 'Saint-Pétersbourg', 1, 59),
(215, 'Kiev', 0, 59),
(216, 'Stockholm', 0, 59),
(218, 'Le CAC 40', 1, 60),
(219, 'Le Dax', 0, 60),
(220, 'Le Nifty', 0, 60),
(221, 'Le Footsie', 0, 60),
(222, 'Un aigle', 0, 61),
(223, 'Un poisson', 0, 61),
(224, 'Un chien', 0, 61),
(225, 'Un singe', 1, 61),
(226, 'Calcutta', 0, 62),
(227, 'Mumbai', 0, 62),
(228, 'New Delhi', 1, 62),
(229, 'Bangalore', 0, 62),
(230, 'Milan AC', 0, 63),
(231, 'Juventus Turin', 1, 63),
(232, 'Naples', 0, 63),
(233, 'Inter Milan', 0, 63),
(234, 'Zinedine Zidane', 0, 64),
(235, 'Dominique Rocheteau', 1, 64),
(236, 'Thierry Henry', 1, 64),
(237, 'Michel Platini', 0, 64),
(238, 'Le Portugal', 0, 65),
(239, 'L\'Angleterre', 0, 65),
(240, 'Le Paraguay', 0, 65),
(241, 'Les Pays-Bas', 1, 65),
(242, 'Pelé', 0, 66),
(243, 'Diego Maradona', 1, 66),
(244, 'Beckenbauer', 0, 66),
(245, 'Gabriel Batistuta', 0, 66),
(246, '11', 0, 67),
(247, '12', 1, 67),
(248, '13', 0, 67),
(249, '14', 0, 67),
(250, '1954', 0, 68),
(251, '1958', 1, 68),
(252, '1960', 0, 68),
(253, '1962', 0, 68),
(254, '1790', 0, 69),
(255, '1848', 0, 69),
(256, '1905', 1, 69),
(257, '1936', 0, 69),
(258, '2000', 0, 70),
(259, '2001', 1, 70),
(260, '2002', 0, 70),
(261, '2003', 0, 70),
(262, 'VRAI', 1, 71),
(263, 'FAUX', 0, 71),
(264, 'VRAI', 0, 72),
(265, 'FAUX', 1, 72),
(266, 'VRAI', 1, 73),
(267, 'FAUX', 0, 73),
(268, 'VRAI', 1, 74),
(269, 'FAUX', 0, 74),
(270, 'VRAI', 0, 75),
(271, 'FAUX', 1, 75),
(272, 'VRAI', 1, 76),
(273, 'FAUX', 0, 76),
(274, 'VRAI', 0, 77),
(275, 'FAUX', 1, 77),
(276, 'VRAI', 1, 78),
(277, 'FAUX', 0, 78),
(278, 'VRAI', 1, 79),
(279, 'FAUX', 0, 79),
(280, 'VRAI', 0, 80),
(281, 'FAUX', 1, 80),
(282, 'VRAI', 0, 81),
(283, 'FAUX', 1, 81),
(284, 'VRAI', 0, 82),
(285, 'FAUX', 1, 82),
(286, 'VRAI', 1, 83),
(287, 'FAUX', 0, 83),
(288, 'VRAI', 0, 84),
(289, 'FAUX', 1, 84),
(290, 'VRAI', 0, 85),
(291, 'FAUX', 1, 85),
(292, 'VRAI', 1, 86),
(293, 'FAUX', 0, 86),
(294, 'VRAI', 0, 87),
(295, 'FAUX', 1, 87),
(296, 'VRAI', 1, 88),
(297, 'FAUX', 0, 88),
(298, 'VRAI', 0, 89),
(299, 'FAUX', 1, 89),
(300, 'VRAI', 1, 90),
(301, 'FAUX', 0, 90),
(302, 'VRAI', 1, 91),
(303, 'FAUX', 0, 91),
(304, 'VRAI', 1, 92),
(305, 'FAUX', 0, 92),
(306, 'VRAI', 1, 93),
(307, 'FAUX', 0, 93),
(308, 'VRAI', 0, 94),
(309, 'FAUX', 1, 94),
(310, 'VRAI', 1, 95),
(311, 'FAUX', 0, 95),
(312, 'VRAI', 0, 96),
(313, 'FAUX', 1, 96),
(314, 'VRAI', 0, 97),
(315, 'FAUX', 1, 97),
(316, 'VRAI', 1, 98),
(317, 'FAUX', 0, 98),
(318, 'VRAI', 1, 99),
(319, 'FAUX', 0, 99),
(320, 'VRAI', 1, 100),
(321, 'FAUX', 0, 100),
(322, 'La Bolivie', 1, 101),
(323, 'L\'Uruguay', 0, 101),
(324, 'L\'Équateur', 0, 101),
(325, 'Le Chili', 0, 101),
(326, 'La Paz', 1, 102),
(327, 'Assomption', 0, 102),
(328, 'Quito', 0, 102),
(329, 'Caracas', 0, 102),
(330, 'La Bolivie et le Pérou', 1, 103),
(331, 'Le Pérou et l\'Équateur', 0, 103),
(332, 'Le Chili et le Pérou', 0, 103),
(333, 'La Bolivie et le Chili', 0, 103),
(334, 'équatoriennes', 1, 104),
(335, 'australiennes', 0, 104),
(336, 'chiliennes', 0, 104),
(337, 'indépendantes', 0, 104),
(338, '9', 1, 105),
(339, '7', 0, 105),
(340, '8', 0, 105),
(341, '10', 0, 105),
(342, 'l\'Équateur', 1, 106),
(343, 'la Colombie', 0, 106),
(344, 'l\'Uruguay', 0, 106),
(345, 'le Pérou', 0, 106),
(346, 'du Paraguay, du Brésil et de l\'Argentine', 1, 107),
(347, 'de l\'Argentine, de l\'Uruguay et du Brésil', 0, 107),
(348, 'du Brésil et du Paraguay', 0, 107),
(349, 'du Brésil et de l\'Argentine', 0, 107),
(350, 'Bogota', 1, 108),
(351, 'Quito', 0, 108),
(352, 'Santiago', 0, 108),
(353, 'Lima', 0, 108),
(354, 'Le Costa Rica', 1, 109),
(355, 'le Salvador', 0, 109),
(356, 'le Nicaragua', 0, 109),
(357, 'le Honduras', 0, 109),
(358, '6962', 1, 110),
(359, '7251', 0, 110),
(360, '5894', 0, 110),
(361, '5243', 0, 110),
(362, 'L\'Équateur', 1, 111),
(363, 'L\'Uruguay', 0, 111),
(364, 'La Bolivie', 0, 111),
(365, 'Le Chili', 0, 111),
(366, 'La Paz', 1, 112),
(367, 'Assomption', 0, 112),
(368, 'Quito', 0, 112),
(369, 'Caracas', 0, 112),
(370, 'La Bolivie et le Pérou', 1, 113),
(371, 'Le Pérou et l\'Équateur', 0, 113),
(372, 'Le Chili et le Pérou ', 0, 113),
(373, 'La Bolivie et le Chili', 0, 113),
(374, 'équatoriennes', 1, 114),
(375, 'américaines', 0, 114),
(376, 'chiliennes', 0, 114),
(377, 'indépendantes', 0, 114),
(378, '9', 1, 115),
(379, '7', 0, 115),
(380, '8', 0, 115),
(381, '10', 0, 115),
(382, 'l\'Équateur', 1, 116),
(383, 'la Colombie', 0, 116),
(384, 'l\'Uruguay', 0, 116),
(385, 'le Pérou', 0, 116),
(386, 'du Paraguay, du Brésil et de l\'Argentine', 1, 117),
(387, 'de l\'Argentine, de l\'Uruguay et du Brésil', 0, 117),
(388, 'du Brésil et du Paraguay', 0, 117),
(389, 'du Brésil et de l\'Argentine', 0, 117),
(390, 'Bogota', 1, 118),
(391, 'Quito', 0, 118),
(392, 'Lima', 0, 118),
(393, 'Santiago', 0, 118),
(394, 'Le Costa Rica', 1, 119),
(395, 'Le Salvador', 0, 119),
(396, 'Le Nicaragua', 0, 119),
(397, 'Le Honduras', 0, 119),
(398, '6962 m', 1, 120),
(399, '7251 m', 0, 120),
(400, '5992 m', 0, 120),
(401, '5243 m', 0, 120),
(402, 'L\'Équateur', 1, 121),
(403, 'L\'Uruguay', 0, 121),
(404, 'La Bolivie', 0, 121),
(405, 'Le Chili', 0, 121),
(406, 'La Paz', 1, 122),
(407, 'Assomption', 0, 122),
(408, 'Quito', 0, 122),
(409, 'Caracas', 0, 122),
(410, 'La Bolivie et le Pérou', 1, 123),
(411, 'Le Pérou et l\'Équateur', 0, 123),
(412, 'Le Chili et le Pérou ', 0, 123),
(413, 'La Bolivie et le Chili', 0, 123),
(414, 'équatoriennes', 1, 124),
(415, 'américaines', 0, 124),
(416, 'chiliennes', 0, 124),
(417, 'indépendantes', 0, 124),
(418, '9', 1, 125),
(419, '7', 0, 125),
(420, '8', 0, 125),
(421, '10', 0, 125),
(422, 'l\'Équateur', 1, 126),
(423, 'la Colombie', 0, 126),
(424, 'l\'Uruguay', 0, 126),
(425, 'le Pérou', 0, 126),
(426, 'du Paraguay, du Brésil et de l\'Argentine', 1, 127),
(427, 'de l\'Argentine, de l\'Uruguay et du Brésil', 0, 127),
(428, 'du Brésil et du Paraguay', 0, 127),
(429, 'du Brésil et de l\'Argentine', 0, 127),
(430, 'Bogota', 1, 128),
(431, 'Quito', 0, 128),
(432, 'Lima', 0, 128),
(433, 'Santiago', 0, 128),
(434, 'Le Costa Rica', 1, 129),
(435, 'Le Salvador', 0, 129),
(436, 'Le Nicaragua', 0, 129),
(437, 'Le Honduras', 0, 129),
(438, '6962 m', 1, 130),
(439, '7251 m', 0, 130),
(440, '5992 m', 0, 130),
(441, '5243 m', 0, 130),
(442, 'L\'Équateur', 1, 131),
(443, 'L\'Uruguay', 0, 131),
(444, 'La Bolivie', 0, 131),
(445, 'Le Chili', 0, 131),
(446, 'La Paz', 1, 132),
(447, 'Assomption', 0, 132),
(448, 'Quito', 0, 132),
(449, 'Caracas', 0, 132),
(450, 'La Bolivie et le Pérou', 1, 133),
(451, 'Le Pérou et l\'Équateur', 0, 133),
(452, 'Le Chili et le Pérou ', 0, 133),
(453, 'La Bolivie et le Chili', 0, 133),
(454, 'équatoriennes', 1, 134),
(455, 'américaines', 0, 134),
(456, 'chiliennes', 0, 134),
(457, 'indépendantes', 0, 134),
(458, '9', 1, 135),
(459, '7', 0, 135),
(460, '8', 0, 135),
(461, '10', 0, 135),
(462, 'l\'Équateur', 1, 136),
(463, 'la Colombie', 0, 136),
(464, 'l\'Uruguay', 0, 136),
(465, 'le Pérou', 0, 136),
(466, 'du Paraguay, du Brésil et de l\'Argentine', 1, 137),
(467, 'de l\'Argentine, de l\'Uruguay et du Brésil', 0, 137),
(468, 'du Brésil et du Paraguay', 0, 137),
(469, 'du Brésil et de l\'Argentine', 0, 137),
(470, 'Bogota', 1, 138),
(471, 'Quito', 0, 138),
(472, 'Lima', 0, 138),
(473, 'Santiago', 0, 138),
(474, 'Le Costa Rica', 1, 139),
(475, 'Le Salvador', 0, 139),
(476, 'Le Nicaragua', 0, 139),
(477, 'Le Honduras', 0, 139),
(478, '6962 m', 1, 140),
(479, '7251 m', 0, 140),
(480, '5992 m', 0, 140),
(481, '5243 m', 0, 140),
(482, 'L\'Équateur', 1, 141),
(483, 'L\'Uruguay', 0, 141),
(484, 'La Bolivie', 0, 141),
(485, 'Le Chili', 0, 141),
(486, 'La Paz', 1, 142),
(487, 'Assomption', 0, 142),
(488, 'Quito', 0, 142),
(489, 'Caracas', 0, 142),
(490, 'La Bolivie et le Pérou', 1, 143),
(491, 'Le Pérou et l\'Équateur', 0, 143),
(492, 'Le Chili et le Pérou ', 0, 143),
(493, 'La Bolivie et le Chili', 0, 143),
(494, 'équatoriennes', 1, 144),
(495, 'américaines', 0, 144),
(496, 'chiliennes', 0, 144),
(497, 'indépendantes', 0, 144),
(498, '9', 1, 145),
(499, '7', 0, 145),
(500, '8', 0, 145),
(501, '10', 0, 145),
(502, 'l\'Équateur', 1, 146),
(503, 'la Colombie', 0, 146),
(504, 'l\'Uruguay', 0, 146),
(505, 'le Pérou', 0, 146),
(506, 'du Paraguay, du Brésil et de l\'Argentine', 1, 147),
(507, 'de l\'Argentine, de l\'Uruguay et du Brésil', 0, 147),
(508, 'du Brésil et du Paraguay', 0, 147),
(509, 'du Brésil et de l\'Argentine', 0, 147),
(510, 'Bogota', 1, 148),
(511, 'Quito', 0, 148),
(512, 'Lima', 0, 148),
(513, 'Santiago', 0, 148),
(514, 'Le Costa Rica', 1, 149),
(515, 'Le Salvador', 0, 149),
(516, 'Le Nicaragua', 0, 149),
(517, 'Le Honduras', 0, 149),
(518, '6962 m', 1, 150),
(519, '7251 m', 0, 150),
(520, '5992 m', 0, 150),
(521, '5243 m', 0, 150),
(522, 'L\'Équateur', 1, 151),
(523, 'L\'Uruguay', 0, 151),
(524, 'La Bolivie', 0, 151),
(525, 'Le Chili', 0, 151),
(526, 'La Paz', 1, 152),
(527, 'Assomption', 0, 152),
(528, 'Quito', 0, 152),
(529, 'Caracas', 0, 152),
(530, 'La Bolivie et le Pérou', 1, 153),
(531, 'Le Pérou et l\'Équateur', 0, 153),
(532, 'Le Chili et le Pérou ', 0, 153),
(533, 'La Bolivie et le Chili', 0, 153),
(534, 'équatoriennes', 1, 154),
(535, 'américaines', 0, 154),
(536, 'chiliennes', 0, 154),
(537, 'indépendantes', 0, 154),
(538, '9', 1, 155),
(539, '7', 0, 155),
(540, '8', 0, 155),
(541, '10', 0, 155),
(542, 'l\'Équateur', 1, 156),
(543, 'la Colombie', 0, 156),
(544, 'l\'Uruguay', 0, 156),
(545, 'le Pérou', 0, 156),
(546, 'du Paraguay, du Brésil et de l\'Argentine', 1, 157),
(547, 'de l\'Argentine, de l\'Uruguay et du Brésil', 0, 157),
(548, 'du Brésil et du Paraguay', 0, 157),
(549, 'du Brésil et de l\'Argentine', 0, 157),
(550, 'Bogota', 1, 158),
(551, 'Quito', 0, 158),
(552, 'Lima', 0, 158),
(553, 'Santiago', 0, 158),
(554, 'Le Costa Rica', 1, 159),
(555, 'Le Salvador', 0, 159),
(556, 'Le Nicaragua', 0, 159),
(557, 'Le Honduras', 0, 159),
(558, '6962 m', 1, 160),
(559, '7251 m', 0, 160),
(560, '5992 m', 0, 160),
(561, '5243 m', 0, 160),
(562, 'PyeongChang', 1, 161),
(563, 'Moscou', 0, 161),
(564, 'Vancouver', 0, 161),
(565, 'Turin', 0, 161),
(566, 'Le polo', 1, 162),
(567, 'BMX Freestyle', 0, 162),
(568, 'Le curling', 0, 162),
(569, 'Le roller de vitesse', 0, 162),
(570, 'États Unis', 1, 163),
(571, 'Japon', 0, 163),
(572, 'Russie', 0, 163),
(573, 'Arabie Saoudite', 0, 163),
(574, '3', 1, 164),
(575, '2', 0, 164),
(576, '4', 0, 164),
(577, '1', 0, 164),
(578, 'Lyon', 1, 165),
(579, 'Grenoble', 0, 165),
(580, 'Chamonix', 0, 165),
(581, 'Albertville', 0, 165),
(582, 'Pierre de Coubertin', 1, 166),
(583, 'Demetrius Vikelas', 0, 166),
(584, 'Godefroy de Blonay', 0, 166),
(585, 'Marie Rothan', 0, 166),
(586, 'Athènes, Grèce', 1, 167),
(587, 'Londres, Angleterre', 0, 167),
(588, 'Berlin, Allemagne', 0, 167),
(589, 'St Louis, Etats-Unis', 0, 167),
(590, 'L\'important c\'est de participer.', 1, 168),
(591, 'La victoire aime l\'effort.', 0, 168),
(592, 'Seule la victoire est belle.', 0, 168),
(593, 'Le sport est dépassement de soi.', 0, 168),
(594, '1900', 1, 169),
(595, '1904', 0, 169),
(596, '1920', 0, 169),
(597, '1938', 0, 169),
(598, '1960', 1, 170),
(599, '1956', 0, 170),
(600, '1968', 0, 170),
(601, '1976', 0, 170),
(603, 'Une course cycliste', 0, 171),
(604, 'Une pâtisserie', 1, 171),
(605, 'Un poisson de l\'Atlantique', 0, 171),
(606, 'De la Suède', 1, 172),
(607, 'De la Finlande', 0, 172),
(608, 'De la Norvège', 0, 172),
(609, 'Du Danemark ', 0, 172),
(610, 'Le chêne', 1, 173),
(611, 'Le cèdre', 0, 173),
(612, 'L\'eucalyptus', 0, 173),
(613, 'Le charme', 0, 173),
(614, 'E-Envoi', 0, 174),
(615, 'Net Courrier', 0, 174),
(616, 'Post', 0, 174),
(617, 'Courriel', 1, 174),
(618, 'Alabama', 0, 175),
(619, 'Oregon', 0, 175),
(620, 'Pennsylvanie', 0, 175),
(621, 'Louisiane', 1, 175),
(622, 'Rio de Janeiro', 0, 176),
(623, 'Brasilia ', 1, 176),
(624, 'São Paulo', 0, 176),
(625, 'Salvador', 0, 176),
(626, 'Apollo 6', 0, 177),
(627, 'Apollo 9', 0, 177),
(628, 'Apollo 11', 1, 177),
(629, 'Apollo 13', 0, 177),
(630, '38,195 km', 0, 178),
(631, '48,350 km', 0, 178),
(632, '44 km', 0, 178),
(633, '42,195 km ', 1, 178),
(634, 'Le travail', 1, 179),
(635, 'Le printemps', 0, 179),
(636, 'Les mamans', 0, 179),
(637, 'Le Beaujolais', 0, 179),
(638, 'Toto', 0, 180),
(639, 'Grosminet', 1, 180),
(640, 'Tac', 0, 180),
(641, 'Tom', 0, 180),
(642, 'La roue arrière', 1, 181),
(643, 'La roue avant', 0, 181),
(644, 'Les deux roues', 0, 181),
(645, 'Aucune', 0, 181),
(646, '100 ch', 1, 182),
(647, '80 ch', 0, 182),
(648, '90 ch', 0, 182),
(649, '110 ch', 0, 182),
(650, '4', 1, 183),
(651, '2', 0, 183),
(652, '3', 0, 183),
(653, '5', 0, 183),
(654, 'Pignon', 1, 184),
(655, 'Chaine', 0, 184),
(656, 'Courroie', 0, 184),
(657, 'Cardan', 0, 184),
(658, '16 ans', 1, 185),
(659, '14 ans', 0, 185),
(660, '18 ans', 0, 185),
(661, '20 ans', 0, 185),
(662, 'Orange', 1, 186),
(663, 'Jaune', 0, 186),
(664, 'Bleu', 0, 186),
(665, 'Vert', 0, 186),
(666, '3', 1, 187),
(667, '1', 0, 187),
(668, '2', 0, 187),
(669, '4', 0, 187),
(670, '10 ans', 1, 188),
(671, '8 ans', 0, 188),
(672, '9 ans', 0, 188),
(673, '12 ans', 0, 188),
(674, 'Veste', 1, 189),
(675, 'Casque', 0, 189),
(676, 'Gants', 0, 189),
(677, 'Aucune obligation', 0, 189),
(678, 'Une moto', 1, 190),
(679, 'Une voiture', 0, 190),
(680, 'Un quad', 0, 190),
(681, 'Une erreur', 0, 190),
(682, '394 000 km', 1, 191),
(683, '300 000 km', 0, 191),
(684, '386 000 km', 0, 191),
(685, '384 000 km', 0, 191),
(686, '1 999 000 km', 1, 192),
(687, '1 392 000 km', 0, 192),
(688, '3 392 000 km', 0, 192),
(689, '2 392 000 km', 0, 192),
(690, 'Pluton', 1, 193),
(691, 'Mars', 0, 193),
(692, 'Saturne', 0, 193),
(693, 'Vénus', 0, 193),
(694, 'Mercure', 1, 194),
(695, 'La Lune', 0, 194),
(696, 'Vénus', 0, 194),
(697, 'Mars', 0, 194),
(698, 'Un taïkonaute', 1, 195),
(699, 'Un spationaute', 0, 195),
(700, 'Un astronaute', 0, 195),
(701, 'Un cosmonaute', 0, 195),
(702, '8 heures', 1, 196),
(703, '8 secondes', 0, 196),
(704, '8 jours', 0, 196),
(705, '8 minutes', 0, 196),
(706, 'Andromède', 1, 197),
(707, 'Andromaque', 0, 197),
(708, 'Grand nuage de Magellan', 0, 197),
(709, 'Petit nuage de Magellan', 0, 197),
(710, '1', 1, 198),
(711, '0', 0, 198),
(712, '2', 0, 198),
(713, '27', 0, 198),
(714, '9', 1, 199),
(715, '6', 0, 199),
(716, '8', 0, 199),
(717, '10', 0, 199),
(718, '2', 1, 200),
(719, '1', 0, 200),
(720, '3', 0, 200),
(721, '4', 0, 200),
(722, 'Les bouts', 1, 201),
(723, 'Les majeurs', 0, 201),
(724, 'Le chien', 0, 201),
(725, 'Les atout', 0, 201),
(726, 'La câpre', 0, 202),
(727, 'Le cornichon', 0, 202),
(728, 'Le poivron', 0, 202),
(729, 'Le concombre', 1, 202),
(730, 'Le Brésil', 0, 203),
(731, 'L’Espagne', 0, 203),
(732, 'L’Argentine', 1, 203),
(733, 'Cuba', 0, 203),
(734, 'Bordeaux', 1, 204),
(735, 'Toulouse', 0, 204),
(736, 'Marseille', 0, 204),
(737, 'Nantes', 0, 204),
(738, 'L\'opaline', 1, 205),
(739, 'Le vermillon', 0, 205),
(740, 'La garance', 0, 205),
(741, 'Le magenta', 0, 205),
(742, 'Le capitaine Nemo ', 1, 206),
(743, 'Phileas Fogg', 0, 206),
(744, 'Michel Stogoff', 0, 206),
(745, 'John Sullivan', 0, 206),
(746, 'Quito', 1, 207),
(747, 'Lima', 0, 207),
(748, 'Sucre', 0, 207),
(749, 'La Paz', 0, 207),
(750, '1999', 1, 208),
(751, '1997', 0, 208),
(752, '2002', 0, 208),
(753, '2005', 0, 208),
(754, 'En Autriche', 1, 209),
(755, 'En Allemagne', 0, 209),
(756, 'En Hongrie', 0, 209),
(757, 'En France', 0, 209),
(758, 'Napoléon Bonaparte', 1, 210),
(759, 'Charles de Gaulle', 0, 210),
(760, 'Raymond Poincaré', 0, 210),
(761, 'Napoléon III', 0, 210),
(762, 'Bleu, jaune, rouge', 1, 211),
(763, 'Rouge, vert, bleu', 0, 211),
(764, 'Rouge, vert, bleu', 0, 211),
(765, 'Blanc, rouge, jaune', 0, 211),
(766, 'Le Rouge et le Noir', 1, 212),
(767, 'Madame Bovary', 0, 212),
(768, 'Les Misérables', 0, 212),
(769, 'La charteurse de Parme', 0, 212),
(770, 'La Grèce', 1, 213),
(771, 'L\'Allemagne', 0, 213),
(772, 'Le Portugal', 0, 213),
(773, 'La Belgique', 0, 213),
(774, 'André-Marie Ampère ', 1, 214),
(775, 'Heinrich Hertz ', 0, 214),
(776, 'Alessandro Volta', 0, 214),
(777, 'Georg Ohm', 0, 214),
(778, 'René Coty', 1, 215),
(779, 'Charles de Gaulle', 0, 215),
(780, 'Alain Poher', 0, 215),
(781, 'Léon Blum', 0, 215),
(782, '1903', 1, 216),
(783, '1893', 0, 216),
(784, '1913', 0, 216),
(785, '1923', 0, 216),
(786, 'Archimède', 1, 217),
(787, 'Galilée', 0, 217),
(788, 'Thalés', 0, 217),
(789, 'Nicolas Copernic', 0, 217),
(790, 'Jupiter', 1, 218),
(791, 'Saturne', 0, 218),
(792, 'Le Soleil', 0, 218),
(793, 'Uranus', 0, 218),
(794, 'Simone de Beauvoir', 1, 219),
(795, 'Henri Bergson', 0, 219),
(796, 'Sigmund Freud', 0, 219),
(797, 'Colette', 0, 219),
(798, 'Les poissons', 1, 220),
(799, 'Les insectes', 0, 220),
(800, 'Les mollusques', 0, 220),
(801, 'Les cétacés', 0, 220);

-- --------------------------------------------------------

--
-- Structure de la table `score`
--

DROP TABLE IF EXISTS `score`;
CREATE TABLE IF NOT EXISTS `score` (
  `id` int NOT NULL AUTO_INCREMENT,
  `score` int NOT NULL,
  `timer` int NOT NULL,
  `date` date NOT NULL,
  `id_admin` int NOT NULL,
  `id_quiz` int NOT NULL,
  PRIMARY KEY (`id`)
) ENGINE=MyISAM AUTO_INCREMENT=22 DEFAULT CHARSET=utf8;

--
-- Déchargement des données de la table `score`
--

INSERT INTO `score` (`id`, `score`, `timer`, `date`, `id_admin`, `id_quiz`) VALUES
(1, 7, 42, '2022-04-06', 1, 5),
(2, 2, 19, '2022-04-06', 1, 5),
(3, 4, 78, '2022-04-06', 1, 8),
(4, 1, 12, '2022-04-06', 1, 5),
(5, 0, 57, '2022-04-06', 1, 5),
(6, 2, 23, '2022-04-06', 1, 5),
(7, 4, 19, '2022-04-06', 1, 4),
(8, 2, 16, '2022-04-06', 1, 5),
(9, 0, 15, '2022-04-06', 1, 1),
(10, 0, 33, '2022-04-06', 1, 1),
(11, 3, 16, '2022-04-07', 1, 5),
(12, 2, 24, '2022-04-07', 1, 1),
(13, 7, 16, '2022-04-07', 1, 4),
(14, 3, 20, '2022-04-07', 1, 2),
(15, 4, 27, '2022-04-07', 1, 8),
(16, 6, 134, '2022-04-08', 1, 17),
(17, 6, 42, '2022-04-08', 1, 5),
(18, 5, 93, '2022-04-08', 1, 11),
(19, 10, 38, '2022-04-09', 1, 1),
(20, 9, 42, '2022-04-09', 1, 2),
(21, 7, 46, '2022-04-09', 1, 5);

-- --------------------------------------------------------

--
-- Structure de la table `thématiques`
--

DROP TABLE IF EXISTS `thématiques`;
CREATE TABLE IF NOT EXISTS `thématiques` (
  `id` int NOT NULL AUTO_INCREMENT,
  `thématique` varchar(255) NOT NULL,
  PRIMARY KEY (`id`)
) ENGINE=MyISAM AUTO_INCREMENT=7 DEFAULT CHARSET=utf8;

--
-- Déchargement des données de la table `thématiques`
--

INSERT INTO `thématiques` (`id`, `thématique`) VALUES
(1, 'Culture Générale'),
(2, 'Arts'),
(3, 'Sciences'),
(4, 'Sports'),
(5, 'Géographie'),
(6, 'Histoire');
COMMIT;

/*!40101 SET CHARACTER_SET_CLIENT=@OLD_CHARACTER_SET_CLIENT */;
/*!40101 SET CHARACTER_SET_RESULTS=@OLD_CHARACTER_SET_RESULTS */;
/*!40101 SET COLLATION_CONNECTION=@OLD_COLLATION_CONNECTION */;
